q,simplicityhl_vsize,layout1_program,layout1_cost,layout1_program_bytes,layout1_witness_bytes,layout1_padding,layout1_vsize,layout2_program,layout2_cost,layout2_program_bytes,layout2_witness_bytes,layout2_padding,layout2_vsize
1,850,general,2136142,846,1161,0,704,q1 (cold),2131917,791,1156,0,746
2,889,general,2154191,886,1177,0,718,q2 (cold),2148476,798,1172,0,752
3,988,general,2189040,1227,1194,0,808,q3 (cold),2167535,807,1188,0,758
4,991,general,2205903,1195,1210,0,804,q4 (cold),2186850,822,1204,0,766
5,1004,general,2230844,1259,1226,0,824,q5 (cold),2206165,827,1220,0,771
6,1007,general,2247963,1224,1242,0,819,q6 (cold),2225992,843,1236,0,779
7,1014,general,2272748,1268,1258,0,834,q7 (cold),2245307,842,1252,0,783
8,1017,general,2289867,1236,1274,0,830,q8 (cold),2264878,857,1268,0,790
9,1026,general,2315064,1285,1290,0,846,q9 (cold),2284449,840,1284,0,790
10,1029,general,2332439,1249,1306,0,841,q10 (cold),2305300,857,1300,0,798
11,1034,general,2356554,1283,1322,0,854,q11 (cold),2324615,856,1316,0,802
12,1037,general,2373673,1251,1338,0,850,q12 (cold),2344186,871,1332,0,810
13,1045,general,2398870,1300,1354,0,866,q13 (cold),2363757,856,1348,0,810
14,1048,general,2416245,1265,1370,0,861,q14 (cold),2383840,871,1364,0,818
15,1053,general,2441286,1295,1386,0,873,q15 (cold),2403411,871,1380,0,822
16,1056,general,2458661,1263,1402,0,869,q16 (cold),2423238,882,1396,0,829
17,1064,general,2484114,1312,1418,0,885,q17 (cold),2443065,854,1412,0,826
18,1067,general,2501745,1277,1434,0,880,q18 (cold),2465964,872,1428,0,834
19,1069,general,2524164,1298,1450,0,890,q19 (cold),2485279,871,1444,0,838
20,1072,general,2541283,1266,1466,0,886,q20 (cold),2504850,886,1460,0,846
21,1081,general,2566480,1314,1482,0,902,q21 (cold),2524421,871,1476,0,846
22,1084,general,2583855,1279,1498,0,897,q22 (cold),2544504,885,1492,0,853
23,1088,general,2608896,1309,1514,0,908,q23 (cold),2564075,885,1508,0,857
24,1091,general,2626271,1278,1530,0,905,q24 (cold),2583902,900,1524,0,865
25,1100,general,2651724,1327,1546,0,921,q25 (cold),2603729,871,1540,0,862
26,1103,general,2669355,1292,1562,0,916,q26 (cold),2624836,885,1556,0,869
27,1104,general,2693726,1310,1578,0,925,q27 (cold),2644407,885,1572,0,873
28,1108,general,2711101,1279,1594,0,921,q28 (cold),2664234,900,1588,0,881
29,1116,general,2736554,1327,1610,0,937,q29 (cold),2684061,885,1604,0,881
30,1119,general,2754185,1292,1626,0,932,q30 (cold),2704400,900,1620,0,889
31,1123,general,2779482,1322,1642,0,944,q31 (cold),2724227,900,1636,0,893
32,1126,general,2797113,1291,1658,0,940,q32 (cold),2744310,915,1652,0,901
33,1135,general,2822822,1339,1674,0,956,q33 (cold),2764393,869,1668,0,893
34,1138,general,2840709,1304,1690,0,951,q34 (cold),2791388,886,1684,0,902
35,1136,general,2859382,1312,1706,0,957,q35 (cold),2810703,885,1700,0,905
36,1140,general,2876501,1280,1722,0,953,q36 (cold),2830274,900,1716,0,913
37,1148,general,2901698,1329,1738,0,969,q37 (cold),2849845,885,1732,0,913
38,1151,general,2919073,1294,1754,0,965,q38 (cold),2869928,900,1748,0,921
39,1155,general,2944114,1324,1770,0,976,q39 (cold),2889499,900,1764,0,925
40,1159,general,2961489,1292,1786,0,972,q40 (cold),2909326,915,1780,0,933
41,1167,general,2986942,1341,1802,0,988,q41 (cold),2929153,885,1796,0,929
42,1170,general,3004573,1306,1818,0,984,q42 (cold),2950260,900,1812,0,937
43,1171,general,3028944,1325,1834,0,992,q43 (cold),2969831,899,1828,0,941
44,1175,general,3046319,1293,1850,0,988,q44 (cold),2989658,915,1844,0,949
45,1183,general,3071772,1341,1866,0,1004,q45 (cold),3009485,899,1860,0,949
46,1186,general,3089403,1306,1882,0,1000,q46 (cold),3029824,915,1876,0,957
47,1190,general,3114700,1336,1898,0,1011,q47 (cold),3049651,915,1892,0,961
48,1194,general,3132331,1305,1914,0,1007,q48 (cold),3069734,930,1908,0,969
49,1202,general,3158040,1354,1930,0,1024,q49 (cold),3089817,885,1924,0,961
50,1205,general,3175927,1319,1946,0,1019,q50 (cold),3112972,900,1940,0,969
51,1203,general,3198602,1325,1962,0,1024,q51 (cold),3132543,899,1956,0,973
52,1207,general,3215977,1293,1978,0,1020,q52 (cold),3152370,914,1972,0,981
53,1215,general,3241430,1341,1994,0,1036,q53 (cold),3172197,899,1988,0,981
54,1218,general,3259061,1306,2010,0,1032,q54 (cold),3192536,914,2004,0,989
55,1222,general,3284358,1336,2026,0,1043,q55 (cold),3212363,914,2020,0,993
56,1226,general,3301989,1305,2042,0,1039,q56 (cold),3232446,930,2036,0,1001
57,1234,general,3327698,1354,2058,0,1056,q57 (cold),3252529,899,2052,0,997
58,1237,general,3345585,1319,2074,0,1051,q58 (cold),3273892,914,2068,0,1005
59,1238,general,3370212,1337,2090,0,1059,q59 (cold),3293719,914,2084,0,1009
60,1242,general,3387843,1306,2106,0,1056,q60 (cold),3313802,930,2100,0,1017
61,1250,general,3413552,1354,2122,0,1072,q61 (cold),3333885,914,2116,0,1017
62,1253,general,3431439,1319,2138,0,1067,q62 (cold),3354480,930,2132,0,1025
63,1257,general,3456992,1349,2154,0,1078,q63 (cold),3374563,929,2148,0,1028
64,1261,general,3474879,1318,2170,0,1075,q64 (cold),3394902,945,2164,0,1036
65,1269,general,3500844,1367,2186,0,1091,q65 (cold),3415241,883,2180,0,1025
66,1272,general,3518987,1332,2202,0,1086,q66 (cold),3450428,899,2196,0,1033
67,1268,general,3529816,1326,2218,0,1089,q67 (cold),3469743,899,2212,0,1037
68,1271,general,3546935,1294,2234,0,1085,q68 (cold),3489314,914,2228,0,1045
69,1280,general,3572132,1342,2250,0,1101,q69 (cold),3508885,898,2244,0,1045
70,1283,general,3589507,1307,2266,0,1096,q70 (cold),3528968,914,2260,0,1053
71,1287,general,3614548,1337,2282,0,1107,q71 (cold),3548539,914,2276,0,1057
72,1290,general,3631923,1306,2298,0,1104,q72 (cold),3568366,929,2292,0,1064
73,1299,general,3657376,1355,2314,0,1120,q73 (cold),3588193,898,2308,0,1061
74,1302,general,3675007,1320,2330,0,1115,q74 (cold),3609300,914,2324,0,1069
75,1303,general,3699378,1338,2346,0,1124,q75 (cold),3628871,914,2340,0,1073
76,1307,general,3716753,1306,2362,0,1120,q76 (cold),3648698,929,2356,0,1080
77,1315,general,3742206,1355,2378,0,1136,q77 (cold),3668525,914,2372,0,1081
78,1318,general,3759837,1320,2394,0,1131,q78 (cold),3688864,929,2388,0,1088
79,1322,general,3785134,1350,2410,0,1143,q79 (cold),3708691,929,2404,0,1092
80,1325,general,3802765,1319,2426,0,1139,q80 (cold),3728774,944,2420,0,1100
81,1334,general,3828474,1368,2442,0,1155,q81 (hot-pad),3548457,923,2436,0,1099
82,1337,general,3846361,1333,2458,0,1150,q82 (cold),3772012,913,2452,25,1107
83,1341,general,3869036,1338,2474,0,1156,q83 (hot-pad),3586383,938,2468,0,1111
84,1347,general,3886411,1307,2490,0,1152,q84 (cold),3811410,929,2484,16,1117
85,1354,general,3911864,1355,2506,0,1168,q85 (hot-pad),3621237,938,2500,0,1119
86,1359,general,3929495,1321,2522,0,1163,q86 (hot-pad),3639176,953,2516,0,1126
87,1366,general,3954792,1350,2538,0,1175,q87 (hot-pad),3656603,953,2532,0,1130
88,1371,general,3972423,1319,2554,0,1171,q88 (cold),3891486,944,2548,17,1137
89,1378,general,3998132,1368,2570,0,1187,q89 (hot-pad),3691969,938,2564,0,1135
90,1384,general,4016019,1333,2586,0,1182,q90 (hot-pad),3710932,953,2580,0,1142
91,1391,general,4040646,1351,2602,0,1191,q91 (hot-pad),3728359,953,2596,0,1146
92,1396,general,4058277,1320,2618,0,1187,q92 (hot-pad),3746042,968,2612,0,1154
93,1403,general,4083986,1368,2634,0,1203,q93 (hot-pad),3763725,953,2628,0,1154
94,1408,general,4101873,1333,2650,0,1198,q94 (hot-pad),3781920,968,2644,0,1162
95,1415,general,4127426,1363,2666,0,1210,q95 (hot-pad),3799603,968,2660,0,1166
96,1421,general,4145313,1332,2682,0,1206,q96 (hot-pad),3817542,983,2676,0,1174
97,1428,general,4171278,1380,2698,0,1222,q97 (hot-pad),3835481,923,2692,0,1163
98,1433,general,4189421,1346,2714,0,1218,q98 (hot-pad),3860332,938,2708,0,1171
99,1439,general,4208350,1338,2730,0,1220,q99 (hot-pad),3877503,938,2724,0,1175
100,1444,general,4225725,1306,2746,17,1220,q100 (hot-pad),3894930,953,2740,0,1182
101,1451,general,4251178,1355,2762,0,1232,q101 (hot-pad),3912357,938,2756,0,1183
102,1456,general,4268809,1320,2778,14,1231,q102 (hot-pad),3930296,953,2772,0,1190
103,1463,general,4294106,1350,2794,0,1239,q103 (hot-pad),3947723,953,2788,0,1194
104,1468,general,4311737,1319,2810,26,1242,q104 (hot-pad),3965406,968,2804,0,1202
105,1476,general,4337446,1368,2826,0,1251,q105 (hot-pad),3983089,938,2820,0,1199
106,1481,general,4355333,1333,2842,24,1253,q106 (hot-pad),4002052,953,2836,0,1206
107,1488,general,4379960,1351,2858,14,1259,q107 (hot-pad),4019479,953,2852,0,1210
108,1493,general,4397591,1320,2874,47,1263,q108 (hot-pad),4037162,968,2868,0,1218
109,1500,general,4423300,1368,2890,9,1270,q109 (hot-pad),4054845,953,2884,0,1218
110,1505,general,4441187,1333,2906,46,1274,q110 (hot-pad),4073040,968,2900,0,1226
111,1512,general,4466740,1363,2922,25,1280,q111 (hot-pad),4090723,968,2916,0,1230
112,1518,general,4484627,1332,2938,58,1285,q112 (hot-pad),4108662,983,2932,0,1238
113,1525,general,4510592,1380,2954,20,1291,q113 (hot-pad),4126601,938,2948,0,1231
114,1530,general,4528735,1345,2970,57,1296,q114 (hot-pad),4147612,953,2964,0,1238
115,1537,general,4551666,1351,2986,58,1302,q115 (hot-pad),4165039,953,2980,0,1242
116,1542,general,4569297,1320,3002,91,1306,q116 (hot-pad),4182722,968,2996,0,1250
117,1550,general,4595006,1368,3018,53,1313,q117 (hot-pad),4200405,953,3012,0,1250
118,1555,general,4612893,1333,3034,89,1317,q118 (hot-pad),4218600,968,3028,0,1258
119,1562,general,4638446,1363,3050,69,1323,q119 (hot-pad),4236283,968,3044,0,1262
120,1567,general,4656333,1332,3066,102,1328,q120 (hot-pad),4254222,983,3060,0,1270
121,1575,general,4682298,1380,3082,64,1334,q121 (hot-pad),4272161,952,3076,0,1266
122,1580,general,4700441,1345,3098,101,1339,q122 (hot-pad),4291380,968,3092,0,1274
123,1587,general,4725324,1364,3114,91,1345,q123 (hot-pad),4309063,968,3108,0,1278
124,1592,general,4743211,1332,3130,125,1350,q124 (hot-pad),4327002,983,3124,0,1286
125,1599,general,4769176,1380,3146,87,1356,q125 (hot-pad),4344941,968,3140,0,1286
126,1605,general,4787319,1345,3162,124,1361,q126 (hot-pad),4363392,983,3156,0,1294
127,1612,general,4813128,1375,3178,104,1367,q127 (hot-pad),4381331,983,3172,0,1298
128,1617,general,4831271,1344,3194,137,1372,q128 (hot-pad),4399526,998,3188,0,1306
129,1624,general,4857492,1393,3210,98,1378,q129 (hot-pad),4417721,921,3204,0,1290
130,1630,general,4875891,1358,3226,135,1383,q130 (hot-pad),4466892,937,3220,0,1298
131,1629,general,4870682,1340,3242,132,1381,q131 (hot-pad),4483807,937,3236,0,1302
132,1634,general,4887801,1308,3258,165,1386,q132 (hot-pad),4500978,951,3252,0,1310
133,1641,general,4912998,1356,3274,126,1392,q133 (hot-pad),4518149,937,3268,0,1310
134,1647,general,4930373,1321,3290,163,1396,q134 (hot-pad),4535832,951,3284,0,1318
135,1654,general,4955414,1351,3306,142,1403,q135 (hot-pad),4553003,951,3300,0,1322
136,1659,general,4972789,1320,3322,174,1407,q136 (hot-pad),4570430,966,3316,0,1330
137,1666,general,4998242,1369,3338,135,1413,q137 (hot-pad),4587857,936,3332,0,1326
138,1671,general,5015873,1334,3354,171,1418,q138 (hot-pad),4606564,951,3348,0,1334
139,1678,general,5040244,1352,3370,162,1424,q139 (hot-pad),4623735,951,3364,0,1338
140,1683,general,5057619,1321,3386,194,1428,q140 (hot-pad),4641162,966,3380,0,1346
141,1690,general,5083072,1369,3402,156,1435,q141 (hot-pad),4658589,951,3396,0,1346
142,1695,general,5100703,1334,3418,192,1439,q142 (hot-pad),4676528,966,3412,0,1354
143,1702,general,5126000,1364,3434,171,1445,q143 (hot-pad),4693955,966,3428,0,1358
144,1708,general,5143631,1333,3450,204,1450,q144 (hot-pad),4711638,981,3444,0,1365
145,1715,general,5169340,1381,3466,166,1456,q145 (hot-pad),4729321,936,3460,0,1358
146,1720,general,5187227,1346,3482,203,1461,q146 (hot-pad),4750076,951,3476,0,1366
147,1726,general,5209902,1352,3498,203,1466,q147 (hot-pad),4767247,951,3492,0,1370
148,1732,general,5227277,1321,3514,236,1471,q148 (hot-pad),4784674,966,3508,0,1378
149,1739,general,5252730,1369,3530,197,1477,q149 (hot-pad),4802101,951,3524,0,1378
150,1744,general,5270361,1334,3546,234,1481,q150 (hot-pad),4820040,966,3540,0,1386
151,1751,general,5295658,1364,3562,213,1488,q151 (hot-pad),4837467,966,3556,0,1390
152,1756,general,5313289,1333,3578,246,1492,q152 (hot-pad),4855150,981,3572,0,1397
153,1763,general,5338998,1381,3594,207,1498,q153 (hot-pad),4872833,951,3588,0,1394
154,1769,general,5356885,1346,3610,244,1503,q154 (hot-pad),4891796,966,3604,0,1402
155,1775,general,5381512,1365,3626,234,1509,q155 (hot-pad),4909223,966,3620,0,1406
156,1781,general,5399143,1333,3642,268,1514,q156 (hot-pad),4926906,981,3636,0,1413
157,1788,general,5424852,1381,3658,229,1520,q157 (hot-pad),4944589,966,3652,0,1414
158,1793,general,5442739,1346,3674,266,1525,q158 (hot-pad),4962784,981,3668,0,1421
159,1800,general,5468292,1376,3690,246,1531,q159 (hot-pad),4980467,981,3684,0,1425
160,1805,general,5486179,1345,3706,279,1536,q160 (hot-pad),4998406,997,3700,0,1433
161,1813,general,5512144,1394,3722,240,1542,q161 (hot-pad),5016345,936,3716,0,1422
162,1818,general,5530287,1359,3738,277,1547,q162 (hot-pad),5041196,951,3732,0,1430
163,1824,general,5549216,1352,3754,287,1552,q163 (hot-pad),5058367,951,3748,0,1434
164,1829,general,5566591,1321,3770,319,1556,q164 (hot-pad),5075794,966,3764,0,1442
165,1836,general,5592044,1369,3786,281,1562,q165 (hot-pad),5093221,951,3780,0,1442
166,1841,general,5609675,1334,3802,317,1567,q166 (hot-pad),5111160,966,3796,0,1450
167,1848,general,5634972,1364,3818,296,1573,q167 (hot-pad),5128587,966,3812,0,1454
168,1853,general,5652603,1333,3834,329,1577,q168 (hot-pad),5146270,981,3828,0,1461
169,1860,general,5678312,1381,3850,291,1584,q169 (hot-pad),5163953,951,3844,0,1458
170,1866,general,5696199,1346,3866,328,1588,q170 (hot-pad),5182916,966,3860,0,1466
171,1873,general,5720826,1365,3882,317,1594,q171 (hot-pad),5200343,966,3876,0,1470
172,1878,general,5738457,1333,3898,351,1599,q172 (hot-pad),5218026,981,3892,0,1477
173,1885,general,5764166,1381,3914,313,1605,q173 (hot-pad),5235709,966,3908,0,1478
174,1890,general,5782053,1346,3930,350,1610,q174 (hot-pad),5253904,981,3924,0,1485
175,1897,general,5807606,1376,3946,329,1616,q175 (hot-pad),5271587,981,3940,0,1489
176,1765,general,5363221,1357,3962,0,1532,q176 (cold),5255654,984,3956,0,1494
177,1910,general,5851458,1394,3978,323,1627,q177 (hot-pad),5307465,951,3972,2,1491
178,1915,general,5869601,1359,3994,360,1632,q178 (hot-pad),5328476,966,3988,0,1498
179,1922,general,5892532,1365,4010,361,1637,q179 (hot-pad),5345903,966,4004,0,1502
180,1927,general,5910163,1333,4026,395,1642,q180 (hot-pad),5363586,981,4020,0,1509
181,1934,general,5935872,1381,4042,356,1648,q181 (hot-pad),5381269,966,4036,0,1510
182,1939,general,5953759,1346,4058,393,1653,q182 (hot-pad),5399464,981,4052,0,1517
183,1946,general,5979312,1376,4074,373,1659,q183 (hot-pad),5417147,981,4068,0,1521
184,1952,general,5997199,1345,4090,406,1664,q184 (hot-pad),5435086,997,4084,0,1529
185,1959,general,6023164,1394,4106,367,1670,q185 (hot-pad),5453025,966,4100,5,1527
186,1964,general,6041307,1359,4122,404,1675,q186 (hot-pad),5472244,981,4116,0,1533
187,1971,general,6066190,1378,4138,394,1681,q187 (hot-pad),5489927,981,4132,0,1537
188,1976,general,6084077,1346,4154,428,1685,q188 (hot-pad),5507866,997,4148,0,1545
189,1984,general,6110042,1394,4170,390,1692,q189 (hot-pad),5525805,981,4164,0,1545
190,1989,general,6128185,1359,4186,427,1696,q190 (hot-pad),5544256,997,4180,0,1553
191,1996,general,6153994,1389,4202,406,1703,q191 (hot-pad),5562195,993,4196,0,1556
192,2002,general,6172137,1358,4218,440,1707,q192 (hot-pad),5580390,1012,4212,0,1565
193,2009,general,6198358,1406,4234,402,1714,q193 (hot-pad+nested),5398905,967,4228,0,1558
194,2014,general,6216757,1372,4250,438,1718,q194 (hot-pad+nested),5431948,982,4244,0,1566
195,2018,general,6227842,1352,4266,453,1721,q195 (hot-pad+nested),5449119,982,4260,0,1570
196,2023,general,6245217,1320,4282,487,1726,q196 (hot-pad+nested),5466546,997,4276,0,1577
197,2030,general,6270670,1368,4298,448,1732,q197 (hot-pad+nested),5483973,982,4292,0,1578
198,2035,general,6288301,1334,4314,484,1736,q198 (hot-pad+nested),5501912,997,4308,0,1585
199,2042,general,6313598,1364,4330,463,1743,q199 (hot-pad+nested),5519339,997,4324,0,1589
200,2047,general,6331229,1332,4346,497,1747,q200 (hot-pad+nested),5537022,1012,4340,0,1597
201,2055,general,6356938,1381,4362,457,1753,q201 (hot-pad+nested),5554705,982,4356,0,1594
202,2060,general,6374825,1346,4378,494,1758,q202 (hot-pad+nested),5573668,997,4372,0,1601
203,2067,general,6399452,1365,4394,484,1764,q203 (hot-pad+nested),5591095,993,4388,0,1604
204,2072,general,6417083,1333,4410,518,1769,q204 (hot-pad+nested),5608778,1008,4404,0,1612
205,2079,general,6442792,1381,4426,479,1775,q205 (hot-pad+nested),5626461,993,4420,0,1612
206,1947,general,5998407,1358,4442,42,1663,q206 (hot-pad),5382064,989,4436,0,1615
207,2084,q207,5644656,1008,4436,12,1575,q207 (hot-pad+nested),5644656,1008,4436,0,1620
stateless,2669,stateless (sum32),6257532,1750,4409,0,1750,stateless (sum4),6385824,1665,4409,0,1778
